<?xml version="1.0" encoding="UTF-8"?>
<project-private xmlns="http://www.netbeans.org/ns/project-private/1">
    <editor-bookmarks xmlns="http://www.netbeans.org/ns/editor-bookmarks/2" lastBookmarkId="0"/>
    <open-files xmlns="http://www.netbeans.org/ns/projectui-open-files/2">
        <group>
            <file>file:/C:/Users/User/Documents/NetBeansProjects/mod.1/src/mod01_6.java</file>
            <file>file:/C:/Users/User/Documents/NetBeansProjects/mod.1/src/mod01_5.java</file>
            <file>file:/C:/Users/User/Documents/NetBeansProjects/mod.1/src/mod01_2.java</file>
            <file>file:/C:/Users/User/Documents/NetBeansProjects/mod.1/src/mod01_4.java</file>
            <file>file:/C:/Users/User/Documents/NetBeansProjects/mod.1/src/mod01_01.java</file>
            <file>file:/C:/Users/User/Documents/NetBeansProjects/mod.1/src/mod01_3.java</file>
            <file>file:/C:/Users/User/Documents/NetBeansProjects/mod.1/src/mod01_7.java</file>
        </group>
    </open-files>
</project-private>
